step,train_loss,test_loss,reg,subnode_act_mean,edge_act_mean,act_scale_mean,act_scale_spline_mean,coef_mean
0,7.00425467690303e-07,0.9891080683197255,74.50660990735769,13.447753152775546,11.536089984773737,16.644936265603253,16.644936265603253,2.6728859503368763
1,1.3900307719906727e-06,0.0023065846661111276,43.975771031794196,9.437214388719898,7.24369659136764,10.124153475287773,10.124153475287773,1.9281012675199622
2,4.816080866096041e-11,0.0001063777936464336,114.08463421707624,25.67105062261126,19.949966612686715,27.467301387363328,27.467301387363328,3.295909718058389
3,nan,nan,nan,nan,nan,nan,nan,nan
