step,train_loss,test_loss,reg,subnode_act_mean,edge_act_mean,act_scale_mean,act_scale_spline_mean,coef_mean
0,8.07797379449772e-06,0.006014488117840813,95.06889747741391,22.31017736829541,16.60828058752776,22.681958925719893,22.681958925719893,3.8383974787053083
1,3.6035940883225874e-12,0.015506862343006599,235.05051190967313,56.81045256780827,41.92150749931151,57.571983648190546,57.571983648190546,6.12314421325156
2,4.218847493575593e-18,0.02182760234430667,369.93741145404726,89.71810369492451,66.29696338591418,91.19235500867224,91.19235500867224,7.738457993589784
3,0.0,0.023017895012721536,399.73568973235274,96.97599220037488,71.65761555223513,98.61929076816777,98.61929076816777,8.051384315692722
4,0.0,0.023017895012721532,399.735689732353,96.97599220037488,71.65761555223513,98.61929076816777,98.61929076816777,8.051384315692722
5,0.0,0.28187112529781494,1702.556717324064,419.8892836117357,303.00060110404036,423.6619154163765,423.6619154163765,17.19769581894185
6,0.0,0.28187112529781494,1702.556717324064,419.8892836117357,303.00060110404036,423.6619154163765,423.6619154163765,17.19769581894185
7,0.0,0.28187112529781494,1702.556717324064,419.8892836117357,303.00060110404036,423.6619154163765,423.6619154163765,17.19769581894185
8,0.0,0.28187112529781494,1702.5567173240645,419.8892836117357,303.00060110404036,423.6619154163765,423.6619154163765,17.19769581894185
9,0.0,0.28187112529781494,1702.556717324064,419.8892836117357,303.00060110404036,423.6619154163765,423.6619154163765,17.19769581894185
