step,train_loss,test_loss,reg,subnode_act_mean,edge_act_mean,act_scale_mean,act_scale_spline_mean,coef_mean
0,0.026865930141569426,0.026865930141569426,3.9015652316305416,0.47049676310018956,0.3619033809231396,0.5078125313963054,0.5078125313963054,0.7908573695077328
1,0.025957312159637088,0.025957312159637088,3.932280611274307,0.4767333818604198,0.36695491948157394,0.5116638948673675,0.5116638948673675,0.8755440560405576
2,0.025146243870129963,0.025146243870129963,3.937866644033119,0.4772864621281709,0.36856906430303094,0.5139575226365753,0.5139575226365753,0.8913839168345555
3,0.02498968094693869,0.024989680946938687,3.9264426227858618,0.47414524130022195,0.3654879661379695,0.5097797596425526,0.5097797596425526,0.840414603221641
4,0.02498821890622225,0.02498821890622225,3.9274181232896894,0.4745925424080366,0.36588381343359844,0.510449369765781,0.510449369765781,0.8376575495109235
5,0.15452340318779684,0.15452340318779684,3.1854789520305204,0.4077646786994104,0.23386956923318464,0.27469621636702884,0.27469621636702884,1.4015961957299383
6,0.027376657063491912,0.027376657063491912,3.8841024492128033,0.46933905539121334,0.3569095212776464,0.5006690330800775,0.5006690330800775,1.5834829824880152
7,0.0261847572756593,0.0261847572756593,3.8980353448833243,0.47087288306950054,0.3616386821803269,0.5080540226519505,0.5080540226519505,1.575719324090756
8,0.02550707388077497,0.025507073880774972,3.930179134976161,0.4746732279939514,0.3676720537274286,0.5138967478104506,0.5138967478104506,1.7258309223220618
9,0.025096037449295415,0.025096037449295415,3.9275951104701754,0.4744927454782705,0.3665621407728564,0.5119894977465517,0.5119894977465517,2.165093181187156
